type	name	current_hits	commit_count	mech_bucket	sem_class	sem_hit
cmdline_param	-nopriority	1	1	cat1_extractor_miss_candidate	STRING_LITERAL	src/sv_sys_win.c:645
command	addloc	2	2	cat1_extractor_miss_candidate	REG_CMD_LEGACY	src/teamplay_locfiles.c:537
command	bar_armor	1	4	cat1_extractor_miss_candidate	REG_HUD	src/hud_armor.c:269
command	bar_health	1	3	cat1_extractor_miss_candidate	REG_HUD	src/hud_health.c:120
command	clearlocs	2	2	cat1_extractor_miss_candidate	REG_CMD_LEGACY	src/teamplay_locfiles.c:541
command	dir	478	640	cat1_extractor_miss_candidate	REG_CMD_LEGACY	src/fs.c:1959
command	fraglogfile	1	2	cat1_extractor_miss_candidate	REG_SV_TABLE	src/sv_ccmds.c:223
command	gamma	28	158	cat1_extractor_miss_candidate	REG_CMD_LEGACY	src/host.c:583
command	itemsclock	2	12	cat1_extractor_miss_candidate	REG_HUD	src/hud_common.c:971
command	loadloc	2	2	cat1_extractor_miss_candidate	REG_CMD_LEGACY	src/teamplay_locfiles.c:533
command	loadpak	1	1	cat1_extractor_miss_candidate	REG_CMD_LEGACY	src/fs.c:1951
command	locate	15	253	cat1_extractor_miss_candidate	REG_CMD_LEGACY	src/fs.c:1961
command	locname	19	8	cat1_extractor_miss_candidate	STRING_LITERAL	src/teamplay_locfiles.c:321
command	logerrors	1	0	cat1_stable_string	REG_SV_TABLE	src/sv_ccmds.c:220
command	logfile	13	9	cat1_extractor_miss_candidate	REG_SV_TABLE	src/sv_ccmds.c:219
command	logplayers	1	0	cat1_stable_string	REG_SV_TABLE	src/sv_ccmds.c:224
command	logrcon	1	0	cat1_stable_string	REG_SV_TABLE	src/sv_ccmds.c:221
command	logtelnet	1	0	cat1_stable_string	REG_SV_TABLE	src/sv_ccmds.c:222
command	modfraglogfile	1	0	cat1_stable_string	REG_SV_TABLE	src/sv_ccmds.c:225
command	mp3_volume	1	9	cat1_extractor_miss_candidate	REG_MACRO	src/macro_ids.h:54
command	netproblem	2	1	cat1_extractor_miss_candidate	REG_HUD	src/hud_net.c:358
command	password	68	49	cat1_extractor_miss_candidate	REG_CVAR_DECL	src/cl_main.c:235
command	path	544	357	cat1_extractor_miss_candidate	REG_CMD_LEGACY	src/fs.c:1955
command	radar	12	47	cat1_extractor_miss_candidate	REG_HUD	src/hud_radar.c:1422
command	removeloc	2	4	cat1_extractor_miss_candidate	REG_CMD_LEGACY	src/teamplay_locfiles.c:539
command	removepak	1	2	cat1_extractor_miss_candidate	REG_CMD_LEGACY	src/fs.c:1953
command	saveloc	2	2	cat1_extractor_miss_candidate	REG_CMD_LEGACY	src/teamplay_locfiles.c:535
command	score_difference	2	2	cat1_extractor_miss_candidate	REG_HUD	src/hud_scores.c:813
command	score_enemy	2	1	cat1_extractor_miss_candidate	REG_HUD	src/hud_scores.c:800
command	score_position	1	1	cat1_extractor_miss_candidate	REG_HUD	src/hud_scores.c:825
command	spectator_password	10	4	cat1_extractor_miss_candidate	REG_CVAR_DECL	src/sv_main.c:102
command	speed	117	265	cat1_extractor_miss_candidate	REG_HUD	src/hud_speed.c:679
command	speed2	3	9	cat1_extractor_miss_candidate	REG_HUD	src/hud_speed.c:702
command	tcl_eval	1	4	cat1_extractor_miss_candidate	DENYLIST_ONLY	src/cmd.c:1767
command	tcl_exec	1	4	cat1_extractor_miss_candidate	DENYLIST_ONLY	src/cmd.c:1767
command	tcl_proc	1	4	cat1_extractor_miss_candidate	DENYLIST_ONLY	src/cmd.c:1767
command	teamholdbar	5	13	cat1_extractor_miss_candidate	REG_HUD	src/stats_grid.c:1391
command	teamholdinfo	5	14	cat1_extractor_miss_candidate	REG_HUD	src/stats_grid.c:1376
command	vid_fullscreen	1	8	cat1_extractor_miss_candidate	REG_CVAR_DECL	src/vid_sdl2.c:180
command	vid_reload	7	3	cat1_extractor_miss_candidate	STRING_LITERAL	src/vid_sdl2.c:1005
cvar	_windowed_mouse	1	31	cat1_extractor_miss_candidate	STRING_LITERAL	src/input.h:77
cvar	cl_verify_qwprotocol	7	2	cat1_extractor_miss_candidate	REG_CVAR_DECL	src/cl_main.c:260
cvar	cl_www_address	5	0	cat1_stable_string	REG_CVAR_DECL	src/central.c:26
cvar	con_deadkey	1	1	cat1_extractor_miss_candidate	REG_CVAR_DECL	src/console.c:85
cvar	demo_capture_codec	1	1	cat1_extractor_miss_candidate	REG_CVAR_DECL	src/movie.c:58
cvar	demo_capture_mp3	1	1	cat1_extractor_miss_candidate	REG_CVAR_DECL	src/movie.c:59
cvar	demo_capture_mp3_kbps	1	1	cat1_extractor_miss_candidate	REG_CVAR_DECL	src/movie.c:60
cvar	demo_capture_vid_maxlen	1	0	cat1_stable_string	REG_CVAR_DECL	src/movie.c:61
cvar	floodprotmsg	4	2	cat1_extractor_miss_candidate	REG_CMD_CALL	src/sv_ccmds.c:1904
cvar	gl_custom_grenade_color	1	1	cat1_extractor_miss_candidate	DENYLIST_ONLY	src/r_aliasmodel.c:111
cvar	gl_custom_grenade_fullbright	1	1	cat1_extractor_miss_candidate	DENYLIST_ONLY	src/r_aliasmodel.c:112
cvar	gl_custom_lg_color	1	3	cat1_extractor_miss_candidate	DENYLIST_ONLY	src/r_aliasmodel.c:93
cvar	gl_custom_lg_fullbright	1	1	cat1_extractor_miss_candidate	DENYLIST_ONLY	src/r_aliasmodel.c:94
cvar	gl_custom_lgpack_color	1	2	cat1_extractor_miss_candidate	DENYLIST_ONLY	src/r_aliasmodel.c:138
cvar	gl_custom_rlpack_color	1	2	cat1_extractor_miss_candidate	DENYLIST_ONLY	src/r_aliasmodel.c:129
cvar	gl_custom_rocket_color	1	1	cat1_extractor_miss_candidate	DENYLIST_ONLY	src/r_aliasmodel.c:102
cvar	gl_custom_rocket_fullbright	1	1	cat1_extractor_miss_candidate	DENYLIST_ONLY	src/r_aliasmodel.c:103
cvar	gl_custom_spike_color	1	1	cat1_extractor_miss_candidate	DENYLIST_ONLY	src/r_aliasmodel.c:120
cvar	gl_custom_spike_fullbright	1	1	cat1_extractor_miss_candidate	DENYLIST_ONLY	src/r_aliasmodel.c:121
cvar	in_ignore_deadkeys	5	0	cat1_stable_string	REG_CVAR_DECL	src/vid_sdl2.c:75
cvar	in_m_os_parameters	1	6	cat1_extractor_miss_candidate	STRING_LITERAL	src/menu_options.c:318
cvar	in_m_smooth	1	5	cat1_extractor_miss_candidate	STRING_LITERAL	src/menu_options.c:318
cvar	m_rate	1	5	cat1_extractor_miss_candidate	STRING_LITERAL	src/menu_options.c:318
cvar	scr_weaponstats_frame_color	1	2	cat1_extractor_miss_candidate	REG_CMD_LEGACY	src/host.c:569
cvar	scr_weaponstats_order	1	2	cat1_extractor_miss_candidate	REG_CMD_LEGACY	src/host.c:568
cvar	scr_weaponstats_scale	1	2	cat1_extractor_miss_candidate	REG_CMD_LEGACY	src/host.c:570
cvar	scr_weaponstats_x	1	2	cat1_extractor_miss_candidate	REG_CMD_LEGACY	src/host.c:572
cvar	scr_weaponstats_y	1	2	cat1_extractor_miss_candidate	REG_CMD_LEGACY	src/host.c:571
cvar	sv_highchars	4	3	cat1_extractor_miss_candidate	REG_CVAR_DECL	src/sv_main.c:136
cvar	userdir	6	16	cat1_extractor_miss_candidate	REG_CMD_CALL	src/cl_cmd.c:953
cvar	vid_mode	1	27	cat1_extractor_miss_candidate	STRING_LITERAL	src/cl_demo.c:3308
macro	mp3_volume	1	9	cat1_extractor_miss_candidate	REG_MACRO	src/macro_ids.h:54
macro	mp3info	1	9	cat1_extractor_miss_candidate	REG_MACRO	src/macro_ids.h:53
