type	name	current_hits	commit_count	bucket
cmdline_param	-gl-debug	0	3	cat2_removed_stale
cmdline_param	-nomouse	0	6	cat2_removed_stale
cmdline_param	-nopriority	1	1	cat1_extractor_miss_candidate
command	addloc	2	2	cat1_extractor_miss_candidate
command	bar_armor	1	4	cat1_extractor_miss_candidate
command	bar_health	1	3	cat1_extractor_miss_candidate
command	clearlocs	2	2	cat1_extractor_miss_candidate
command	dev_cache_print	0	1	cat2_removed_stale
command	dev_cache_report	0	1	cat2_removed_stale
command	dev_hunk_print	0	1	cat2_removed_stale
command	dir	478	640	cat1_extractor_miss_candidate
command	fraglogfile	1	2	cat1_extractor_miss_candidate
command	gamma	28	158	cat1_extractor_miss_candidate
command	gl_checkmodels	0	3	cat2_removed_stale
command	gl_inferno	0	3	cat2_removed_stale
command	gl_setmode	0	3	cat2_removed_stale
command	in_evdevlist	0	2	cat2_removed_stale
command	itemsclock	2	12	cat1_extractor_miss_candidate
command	legacyquake	0	1	cat2_removed_stale
command	loadfont	0	2	cat2_removed_stale
command	loadloc	2	2	cat1_extractor_miss_candidate
command	loadpak	1	1	cat1_extractor_miss_candidate
command	locate	15	253	cat1_extractor_miss_candidate
command	locname	19	8	cat1_extractor_miss_candidate
command	logerrors	1	0	cat1_stable_string
command	logfile	13	9	cat1_extractor_miss_candidate
command	logplayers	1	0	cat1_stable_string
command	logrcon	1	0	cat1_stable_string
command	logtelnet	1	0	cat1_stable_string
command	menu_fps	0	5	cat2_removed_stale
command	menu_keys	0	5	cat2_removed_stale
command	menu_mp3_control	0	4	cat2_removed_stale
command	menu_mp3_playlist	0	4	cat2_removed_stale
command	menu_setup	0	5	cat2_removed_stale
command	menu_video	0	12	cat2_removed_stale
command	modfraglogfile	1	0	cat1_stable_string
command	mp3_fadeout	0	4	cat2_removed_stale
command	mp3_fforward	0	4	cat2_removed_stale
command	mp3_loadplaylist	0	4	cat2_removed_stale
command	mp3_next	0	4	cat2_removed_stale
command	mp3_pause	0	4	cat2_removed_stale
command	mp3_play	0	29	cat2_removed_stale
command	mp3_playlist	0	12	cat2_removed_stale
command	mp3_playtrack	0	5	cat2_removed_stale
command	mp3_prev	0	4	cat2_removed_stale
command	mp3_repeat	0	4	cat2_removed_stale
command	mp3_rewind	0	4	cat2_removed_stale
command	mp3_shuffle	0	4	cat2_removed_stale
command	mp3_songinfo	0	4	cat2_removed_stale
command	mp3_startwinamp	0	0	cat3_phantom
command	mp3_stop	0	4	cat2_removed_stale
command	mp3_volume	1	9	cat1_extractor_miss_candidate
command	netproblem	2	1	cat1_extractor_miss_candidate
command	password	68	49	cat1_extractor_miss_candidate
command	path	544	357	cat1_extractor_miss_candidate
command	qtv_reconnect	0	0	cat3_phantom
command	radar	12	47	cat1_extractor_miss_candidate
command	removeloc	2	4	cat1_extractor_miss_candidate
command	removepak	1	2	cat1_extractor_miss_candidate
command	saveloc	2	2	cat1_extractor_miss_candidate
command	score_difference	2	2	cat1_extractor_miss_candidate
command	score_enemy	2	1	cat1_extractor_miss_candidate
command	score_own	0	0	cat3_phantom
command	score_position	1	1	cat1_extractor_miss_candidate
command	serverstatus	0	2	cat2_removed_stale
command	spectator_password	10	4	cat1_extractor_miss_candidate
command	speed	117	265	cat1_extractor_miss_candidate
command	speed2	3	9	cat1_extractor_miss_candidate
command	sys_forget_sandbox	0	0	cat3_phantom
command	tcl_eval	1	4	cat1_extractor_miss_candidate
command	tcl_exec	1	4	cat1_extractor_miss_candidate
command	tcl_proc	1	4	cat1_extractor_miss_candidate
command	teamholdbar	5	13	cat1_extractor_miss_candidate
command	teamholdinfo	5	14	cat1_extractor_miss_candidate
command	track-	0	6	cat2_removed_stale
command	validate_clients	0	2	cat2_removed_stale
command	vid_forcemode	0	2	cat2_removed_stale
command	vid_fullscreen	1	8	cat1_extractor_miss_candidate
command	vid_minimize	0	9	cat2_removed_stale
command	vid_reload	7	3	cat1_extractor_miss_candidate
command	vid_testmode	0	2	cat2_removed_stale
command	vid_windowed	0	14	cat2_removed_stale
cvar	_vid_default_mode	0	4	cat2_removed_stale
cvar	_vid_default_mode_win	0	3	cat2_removed_stale
cvar	_windowed_mouse	1	31	cat1_extractor_miss_candidate
cvar	allow_download_gfx	0	2	cat2_removed_stale
cvar	auth_timeout	0	2	cat2_removed_stale
cvar	auth_validate	0	2	cat2_removed_stale
cvar	auth_viewcrc	0	2	cat2_removed_stale
cvar	auth_warninvalid	0	2	cat2_removed_stale
cvar	block_switch	0	2	cat2_removed_stale
cvar	cfg_browser_democolor	0	3	cat2_removed_stale
cvar	cfg_browser_dircolor	0	3	cat2_removed_stale
cvar	cfg_browser_interline	0	3	cat2_removed_stale
cvar	cfg_browser_scrollnames	0	3	cat2_removed_stale
cvar	cfg_browser_selectedcolor	0	3	cat2_removed_stale
cvar	cfg_browser_showdate	0	3	cat2_removed_stale
cvar	cfg_browser_showsize	0	3	cat2_removed_stale
cvar	cfg_browser_showstatus	0	3	cat2_removed_stale
cvar	cfg_browser_showtime	0	3	cat2_removed_stale
cvar	cfg_browser_sortmode	0	3	cat2_removed_stale
cvar	cfg_browser_stripnames	0	3	cat2_removed_stale
cvar	cfg_browser_zipcolor	0	3	cat2_removed_stale
cvar	cl_debug_weapon_send	0	1	cat2_removed_stale
cvar	cl_verify_qwprotocol	7	2	cat1_extractor_miss_candidate
cvar	cl_weaponforgetondeath	0	1	cat2_removed_stale
cvar	cl_www_address	5	0	cat1_stable_string
cvar	con_deadkey	1	1	cat1_extractor_miss_candidate
cvar	d_mipcap	0	2	cat2_removed_stale
cvar	d_mipscale	0	2	cat2_removed_stale
cvar	d_subdiv16	0	3	cat2_removed_stale
cvar	demo_browser_democolor	0	3	cat2_removed_stale
cvar	demo_browser_dircolor	0	5	cat2_removed_stale
cvar	demo_browser_interline	0	3	cat2_removed_stale
cvar	demo_browser_scrollnames	0	4	cat2_removed_stale
cvar	demo_browser_selectedcolor	0	3	cat2_removed_stale
cvar	demo_browser_showdate	0	4	cat2_removed_stale
cvar	demo_browser_showsize	0	4	cat2_removed_stale
cvar	demo_browser_showstatus	0	4	cat2_removed_stale
cvar	demo_browser_showtime	0	4	cat2_removed_stale
cvar	demo_browser_sortmode	0	3	cat2_removed_stale
cvar	demo_browser_stripnames	0	4	cat2_removed_stale
cvar	demo_browser_zipcolor	0	5	cat2_removed_stale
cvar	demo_capture_codec	1	1	cat1_extractor_miss_candidate
cvar	demo_capture_mp3	1	1	cat1_extractor_miss_candidate
cvar	demo_capture_mp3_kbps	1	1	cat1_extractor_miss_candidate
cvar	demo_capture_quiet	0	1	cat2_removed_stale
cvar	demo_capture_vid_maxlen	1	0	cat1_stable_string
cvar	floodprotmsg	4	2	cat1_extractor_miss_candidate
cvar	gl_custom_grenade_color	1	1	cat1_extractor_miss_candidate
cvar	gl_custom_grenade_fullbright	1	1	cat1_extractor_miss_candidate
cvar	gl_custom_lg_color	1	3	cat1_extractor_miss_candidate
cvar	gl_custom_lg_fullbright	1	1	cat1_extractor_miss_candidate
cvar	gl_custom_lgpack_color	1	2	cat1_extractor_miss_candidate
cvar	gl_custom_rlpack_color	1	2	cat1_extractor_miss_candidate
cvar	gl_custom_rocket_color	1	1	cat1_extractor_miss_candidate
cvar	gl_custom_rocket_fullbright	1	1	cat1_extractor_miss_candidate
cvar	gl_custom_spike_color	1	1	cat1_extractor_miss_candidate
cvar	gl_custom_spike_fullbright	1	1	cat1_extractor_miss_candidate
cvar	gl_motion_blur	0	3	cat2_removed_stale
cvar	gl_motion_blur_dead	0	2	cat2_removed_stale
cvar	gl_motion_blur_fps	0	3	cat2_removed_stale
cvar	gl_motion_blur_hurt	0	2	cat2_removed_stale
cvar	gl_motion_blur_norm	0	2	cat2_removed_stale
cvar	gl_particle_fasttrails	0	2	cat2_removed_stale
cvar	gl_powerupshells_size	0	5	cat2_removed_stale
cvar	help_files_dircolor	0	4	cat2_removed_stale
cvar	help_files_filecolor	0	2	cat2_removed_stale
cvar	help_files_interline	0	2	cat2_removed_stale
cvar	help_files_scrollnames	0	4	cat2_removed_stale
cvar	help_files_selectedcolor	0	2	cat2_removed_stale
cvar	help_files_showdate	0	2	cat2_removed_stale
cvar	help_files_showsize	0	2	cat2_removed_stale
cvar	help_files_showstatus	0	2	cat2_removed_stale
cvar	help_files_showtime	0	2	cat2_removed_stale
cvar	help_files_sortmode	0	2	cat2_removed_stale
cvar	help_files_stripnames	0	2	cat2_removed_stale
cvar	hud_fps_decimals	0	3	cat2_removed_stale
cvar	hud_mouserate_align_x	0	0	cat3_phantom
cvar	hud_mouserate_align_y	0	0	cat3_phantom
cvar	hud_mouserate_frame	0	0	cat3_phantom
cvar	hud_mouserate_frame_color	0	0	cat3_phantom
cvar	hud_mouserate_order	0	0	cat3_phantom
cvar	hud_mouserate_place	0	0	cat3_phantom
cvar	hud_mouserate_pos_x	0	0	cat3_phantom
cvar	hud_mouserate_pos_y	0	0	cat3_phantom
cvar	hud_mouserate_show	0	0	cat3_phantom
cvar	hud_score_bar_fixed_order	0	0	cat3_phantom
cvar	in_di_buffered	0	1	cat2_removed_stale
cvar	in_di_bufsize	0	1	cat2_removed_stale
cvar	in_evdevice	0	5	cat2_removed_stale
cvar	in_ignore_deadkeys	5	0	cat1_stable_string
cvar	in_m_os_parameters	1	6	cat1_extractor_miss_candidate
cvar	in_m_smooth	1	5	cat1_extractor_miss_candidate
cvar	in_mmt	0	4	cat2_removed_stale
cvar	in_mouse	0	27	cat2_removed_stale
cvar	in_raw_allbuttons	0	3	cat2_removed_stale
cvar	m_forcewheel	0	3	cat2_removed_stale
cvar	m_rate	1	5	cat1_extractor_miss_candidate
cvar	m_showrate	0	5	cat2_removed_stale
cvar	mumble_enabled	0	3	cat2_removed_stale
cvar	mvd_write_xml	0	2	cat2_removed_stale
cvar	not_auth_timeout	0	2	cat2_removed_stale
cvar	r_aliastransadj	0	2	cat2_removed_stale
cvar	r_aliastransbase	0	2	cat2_removed_stale
cvar	r_ambient	0	6	cat2_removed_stale
cvar	r_clearcolor	0	4	cat2_removed_stale
cvar	r_dspeeds	0	3	cat2_removed_stale
cvar	r_glstats	0	2	cat2_removed_stale
cvar	r_graphheight	0	3	cat2_removed_stale
cvar	r_max_size_1	0	4	cat2_removed_stale
cvar	r_maxedges	0	3	cat2_removed_stale
cvar	r_maxsurfs	0	3	cat2_removed_stale
cvar	r_numedges	0	3	cat2_removed_stale
cvar	r_numsurfs	0	3	cat2_removed_stale
cvar	r_polymodelstats	0	2	cat2_removed_stale
cvar	r_reportedgeout	0	3	cat2_removed_stale
cvar	r_reportsurfout	0	3	cat2_removed_stale
cvar	r_timegraph	0	3	cat2_removed_stale
cvar	r_turbwarp	0	2	cat2_removed_stale
cvar	r_zgraph	0	2	cat2_removed_stale
cvar	s_alsa_device	0	9	cat2_removed_stale
cvar	s_alsa_latency	0	6	cat2_removed_stale
cvar	s_alsa_noworkaround	0	3	cat2_removed_stale
cvar	s_bits	0	21	cat2_removed_stale
cvar	s_device	0	23	cat2_removed_stale
cvar	s_driver	0	12	cat2_removed_stale
cvar	s_mixahead	0	5	cat2_removed_stale
cvar	s_noalsa	0	8	cat2_removed_stale
cvar	s_noextraupdate	0	3	cat2_removed_stale
cvar	s_oss_device	0	10	cat2_removed_stale
cvar	s_pulseaudio_latency	0	4	cat2_removed_stale
cvar	s_stereo	0	17	cat2_removed_stale
cvar	s_uselegacydrivers	0	3	cat2_removed_stale
cvar	sb_showcounters	0	7	cat2_removed_stale
cvar	scr_autoid_drawname	0	3	cat2_removed_stale
cvar	scr_weaponstats	0	4	cat2_removed_stale
cvar	scr_weaponstats_align_right	0	1	cat2_removed_stale
cvar	scr_weaponstats_frame_color	1	2	cat1_extractor_miss_candidate
cvar	scr_weaponstats_order	1	2	cat1_extractor_miss_candidate
cvar	scr_weaponstats_scale	1	2	cat1_extractor_miss_candidate
cvar	scr_weaponstats_x	1	2	cat1_extractor_miss_candidate
cvar	scr_weaponstats_y	1	2	cat1_extractor_miss_candidate
cvar	showram	0	8	cat2_removed_stale
cvar	skin_browser_democolor	0	3	cat2_removed_stale
cvar	skin_browser_dircolor	0	5	cat2_removed_stale
cvar	skin_browser_interline	0	3	cat2_removed_stale
cvar	skin_browser_scrollnames	0	3	cat2_removed_stale
cvar	skin_browser_selectedcolor	0	3	cat2_removed_stale
cvar	skin_browser_showdate	0	3	cat2_removed_stale
cvar	skin_browser_showsize	0	3	cat2_removed_stale
cvar	skin_browser_showstatus	0	3	cat2_removed_stale
cvar	skin_browser_showtime	0	3	cat2_removed_stale
cvar	skin_browser_sortmode	0	3	cat2_removed_stale
cvar	skin_browser_stripnames	0	3	cat2_removed_stale
cvar	skin_browser_zipcolor	0	5	cat2_removed_stale
cvar	sv_aim	0	3	cat2_removed_stale
cvar	sv_cpserver	0	2	cat2_removed_stale
cvar	sv_cullentities	0	4	cat2_removed_stale
cvar	sv_demonovis	0	2	cat2_removed_stale
cvar	sv_fastconnect	0	2	cat2_removed_stale
cvar	sv_highchars	4	3	cat1_extractor_miss_candidate
cvar	sv_ktpro_mode	0	2	cat2_removed_stale
cvar	sv_qwfwd_port	0	2	cat2_removed_stale
cvar	sv_timeout	0	4	cat2_removed_stale
cvar	sv_use_internal_cmd_dl	0	2	cat2_removed_stale
cvar	sw_contrast	0	2	cat2_removed_stale
cvar	sw_gamma	0	2	cat2_removed_stale
cvar	telnet_password	0	2	cat2_removed_stale
cvar	userdir	6	16	cat1_extractor_miss_candidate
cvar	vid_conaspect	0	1	cat2_removed_stale
cvar	vid_config_x	0	3	cat2_removed_stale
cvar	vid_config_y	0	3	cat2_removed_stale
cvar	vid_customheight	0	2	cat2_removed_stale
cvar	vid_customwidth	0	2	cat2_removed_stale
cvar	vid_depthbits	0	3	cat2_removed_stale
cvar	vid_forcerestoregamma	0	4	cat2_removed_stale
cvar	vid_fullscreen_mode	0	3	cat2_removed_stale
cvar	vid_mode	1	27	cat1_extractor_miss_candidate
cvar	vid_nopageflip	0	2	cat2_removed_stale
cvar	vid_resetonswitch	0	2	cat2_removed_stale
cvar	vid_stencilbits	0	3	cat2_removed_stale
cvar	vid_stretch_by_2	0	2	cat2_removed_stale
cvar	vid_wideaspect	0	8	cat2_removed_stale
cvar	vid_window_x	0	3	cat2_removed_stale
cvar	vid_window_y	0	3	cat2_removed_stale
cvar	vid_windowed_mode	0	3	cat2_removed_stale
macro	mp3_volume	1	9	cat1_extractor_miss_candidate
macro	mp3info	1	9	cat1_extractor_miss_candidate
